Time,Occupant Number,INDOOR Ambient Temp.,INDOOR Relative Humidity,INDOOR Air Velocity,INDOOR Mean Radiant Temp.,Predicted Mean Vote (PMV)
735080.0,1.0,24.584695,63.517,0.030988,24.584695,-0.270899
735080.010417,1.0,24.584695,63.704,0.030988,24.584695,-0.269505
735080.020833,1.0,24.584695,63.856,0.030988,24.584695,-0.268373
735080.03125,1.0,24.584695,64.039,0.030988,24.584695,-0.267009
735080.041667,1.0,24.498384,64.282,0.030988,24.498384,-0.297025
735080.052083,1.0,24.671003,64.585,0.030988,24.671003,-0.231101
735080.0625,1.0,24.584695,64.893,0.030988,24.584695,-0.260645
735080.072917,1.0,24.671003,64.953,0.030988,24.671003,-0.228345
735080.083333,1.0,24.671003,65.105,0.030988,24.671003,-0.227206
735080.09375,1.0,24.671003,65.226,0.030988,24.671003,-0.2263
735080.104167,1.0,24.757317,65.438,0.030988,24.757317,-0.192837
735080.114583,1.0,24.584695,65.438,0.030988,24.584695,-0.256583
735080.125,1.0,24.757317,65.529,0.030988,24.757317,-0.192152
735080.135417,1.0,24.757317,65.589,0.030988,24.757317,-0.1917
735080.145833,1.0,24.757317,65.771,0.030988,24.757317,-0.19033
735080.15625,1.0,24.757317,65.952,0.030988,24.757317,-0.188967
735080.166667,1.0,24.757317,66.314,0.030988,24.757317,-0.186241
735080.177083,1.0,24.757317,66.555,0.030988,24.757317,-0.184427
735080.1875,1.0,24.671003,66.796,0.030988,24.671003,-0.214539
735080.197917,1.0,24.757317,66.826,0.030988,24.757317,-0.182386
735080.208333,1.0,24.757317,66.826,0.030988,24.757317,-0.182386
735080.21875,1.0,24.671003,67.248,0.030988,24.671003,-0.211153
735080.229167,1.0,24.498384,67.115,0.030988,24.498384,-0.276022
735080.239583,1.0,24.498384,66.216,0.030988,24.498384,-0.282687
735080.25,1.0,24.15314,64.732,0.030988,24.15314,-0.4202
735080.260417,1.0,24.066829,63.581,0.030988,24.066829,-0.460302
735080.270833,1.0,24.066829,62.762,0.030988,24.066829,-0.466219
735080.28125,1.0,23.894207,61.8,0.030988,23.894207,-0.536519
735080.291667,1.0,23.721585,60.897,0.030988,23.721585,-0.606256
735080.302083,1.0,23.721585,60.084,0.030988,23.721585,-0.612009
735080.3125,1.0,23.462655,59.3,0.030988,23.462655,-0.712296
735080.322917,1.0,23.376341,58.638,0.030988,23.376341,-0.748463
735080.333333,1.0,23.376341,58.257,0.030988,23.376341,-0.751103
735080.34375,1.0,23.376341,57.693,0.030988,23.376341,-0.755012
735080.354167,1.0,23.376341,57.287,0.030988,23.376341,-0.757826
735080.364583,1.0,23.376341,56.815,0.030988,23.376341,-0.761097
735080.375,1.0,23.29003,57.097,0.030988,23.29003,-0.790641
735080.385417,1.0,23.376341,56.95,0.030988,23.376341,-0.760161
735080.395833,1.0,23.376341,56.864,0.030988,23.376341,-0.760757
735080.40625,1.0,23.462655,56.747,0.030988,23.462655,-0.730081
735080.416667,1.0,23.721585,56.416,0.030988,23.721585,-0.637964
735080.427083,1.0,23.635274,55.832,0.030988,23.635274,-0.67355
735080.4375,1.0,23.635274,55.458,0.030988,23.635274,-0.676183
735080.447917,1.0,23.548963,55.184,0.030988,23.548963,-0.709541
735080.458333,1.0,23.721585,54.906,0.030988,23.721585,-0.648649
735080.46875,1.0,23.721585,54.754,0.030988,23.721585,-0.649725
735080.479167,1.0,23.721585,54.569,0.030988,23.721585,-0.651034
735080.489583,1.0,23.721585,54.288,0.030988,23.721585,-0.653022
735080.5,1.0,23.721585,54.075,0.030988,23.721585,-0.654529
735080.510417,1.0,23.721585,53.957,0.030988,23.721585,-0.655364
735080.520833,1.0,23.721585,53.555,0.030988,23.721585,-0.658209
735080.53125,1.0,23.721585,53.342,0.030988,23.721585,-0.659716
735080.541667,1.0,23.721585,52.965,0.030988,23.721585,-0.662384
735080.552083,1.0,23.807896,52.653,0.030988,23.807896,-0.633255
735080.5625,1.0,23.894207,52.657,0.030988,23.894207,-0.601891
735080.572917,1.0,23.894207,52.765,0.030988,23.894207,-0.601119
735080.583333,1.0,24.066829,52.712,0.030988,24.066829,-0.538825
735080.59375,1.0,24.066829,52.595,0.030988,24.066829,-0.53967
735080.604167,1.0,24.066829,52.448,0.030988,24.066829,-0.540732
735080.614583,1.0,24.066829,52.047,0.030988,24.066829,-0.543629
735080.625,1.0,24.066829,51.864,0.030988,24.066829,-0.544951
735080.635417,1.0,24.066829,51.712,0.030988,24.066829,-0.54605
735080.645833,1.0,24.066829,51.497,0.030988,24.066829,-0.547603
735080.65625,1.0,24.066829,51.437,0.030988,24.066829,-0.548036
735080.666667,1.0,24.066829,51.346,0.030988,24.066829,-0.548694
735080.677083,1.0,24.066829,51.285,0.030988,24.066829,-0.549134
735080.6875,1.0,24.066829,51.285,0.030988,24.066829,-0.549134
735080.697917,1.0,23.980518,51.289,0.030988,23.980518,-0.580388
735080.708333,1.0,24.066829,51.352,0.030988,24.066829,-0.54865
735080.71875,1.0,24.066829,51.447,0.030988,24.066829,-0.547964
735080.729167,1.0,24.066829,51.726,0.030988,24.066829,-0.545948
735080.739583,1.0,24.066829,52.032,0.030988,24.066829,-0.543738
735080.75,1.0,24.066829,52.341,0.030988,24.066829,-0.541505
735080.760417,1.0,24.066829,52.363,0.030988,24.066829,-0.541346
735080.770833,1.0,23.894207,52.223,0.030988,23.894207,-0.604994
735080.78125,1.0,23.721585,52.277,0.030988,23.721585,-0.667252
735080.791667,1.0,23.721585,52.042,0.030988,23.721585,-0.668915
735080.802083,1.0,23.635274,51.903,0.030988,23.635274,-0.701208
735080.8125,1.0,23.548963,51.83,0.030988,23.548963,-0.733029
735080.822917,1.0,23.376341,51.627,0.030988,23.376341,-0.797051
735080.833333,1.0,23.29003,51.523,0.030988,23.29003,-0.82907
735080.84375,1.0,23.29003,51.471,0.030988,23.29003,-0.829428
735080.854167,1.0,23.29003,51.455,0.030988,23.29003,-0.829538
735080.864583,1.0,23.203719,51.47,0.030988,23.203719,-0.860731
735080.875,1.0,23.117408,51.555,0.030988,23.117408,-0.891447
735080.885417,1.0,23.29003,51.839,0.030988,23.29003,-0.826891
735080.895833,1.0,23.376341,52.262,0.030988,23.376341,-0.792651
735080.90625,1.0,23.548963,53.285,0.030988,23.548963,-0.72284
735080.916667,1.0,23.721585,54.587,0.030988,23.721585,-0.650906
735080.927083,1.0,23.721585,55.787,0.030988,23.721585,-0.642415
735080.9375,1.0,23.807896,56.611,0.030988,23.807896,-0.605102
735080.947917,1.0,23.980518,57.301,0.030988,23.980518,-0.537179
735080.958333,1.0,23.980518,57.467,0.030988,23.980518,-0.535986
735080.96875,1.0,24.066829,57.877,0.030988,24.066829,-0.50151
735080.979167,1.0,24.066829,58.442,0.030988,24.066829,-0.497429
735080.989583,1.0,24.066829,58.943,0.030988,24.066829,-0.493809
735081.0,1.0,24.066829,59.599,0.030988,24.066829,-0.48907
735081.010417,1.0,24.066829,60.156,0.030988,24.066829,-0.485046
735081.020833,1.0,24.066829,60.502,0.030988,24.066829,-0.482546
735081.03125,1.0,24.066829,60.874,0.030988,24.066829,-0.479858
735081.041667,1.0,24.066829,61.124,0.030988,24.066829,-0.478052
735081.052083,1.0,24.15314,61.461,0.030988,24.15314,-0.443954
735081.0625,1.0,24.325762,61.679,0.030988,24.325762,-0.379778
735081.072917,1.0,24.325762,61.928,0.030988,24.325762,-0.377951
735081.083333,1.0,24.412071,62.207,0.030988,24.412071,-0.344157
735081.09375,1.0,24.412071,62.36,0.030988,24.412071,-0.343029
735081.104167,1.0,24.412071,62.516,0.030988,24.412071,-0.341878
735081.114583,1.0,24.412071,62.703,0.030988,24.412071,-0.340499
735081.125,1.0,24.412071,62.978,0.030988,24.412071,-0.338471
735081.135417,1.0,24.498384,63.195,0.030988,24.498384,-0.305084
735081.145833,1.0,24.412071,63.347,0.030988,24.412071,-0.335749
735081.15625,1.0,24.498384,63.382,0.030988,24.498384,-0.303698
735081.166667,1.0,24.498384,63.747,0.030988,24.498384,-0.300992
735081.177083,1.0,24.498384,63.812,0.030988,24.498384,-0.30051
735081.1875,1.0,24.412071,63.964,0.030988,24.412071,-0.331198
735081.197917,1.0,24.498384,64.298,0.030988,24.498384,-0.296907
735081.208333,1.0,24.412071,64.302,0.030988,24.412071,-0.328705
735081.21875,1.0,24.412071,64.995,0.030988,24.412071,-0.323594
735081.229167,1.0,24.412071,64.403,0.030988,24.412071,-0.32796
735081.239583,1.0,24.066829,63.619,0.030988,24.066829,-0.460027
735081.25,1.0,24.066829,62.19,0.030988,24.066829,-0.470351
735081.260417,1.0,23.807896,60.962,0.030988,23.807896,-0.574154
735081.270833,1.0,23.807896,59.958,0.030988,23.807896,-0.581295
735081.28125,1.0,23.721585,58.977,0.030988,23.721585,-0.619842
735081.291667,1.0,23.376341,58.18,0.030988,23.376341,-0.751637
735081.302083,1.0,23.376341,57.618,0.030988,23.376341,-0.755532
735081.3125,1.0,23.376341,57.504,0.030988,23.376341,-0.756322
735081.322917,1.0,23.203719,57.149,0.030988,23.203719,-0.821782
735081.333333,1.0,23.203719,56.836,0.030988,23.203719,-0.823928
735081.34375,1.0,23.031097,56.53,0.030988,23.031097,-0.88898
735081.354167,1.0,23.117408,56.137,0.030988,23.117408,-0.860185
735081.364583,1.0,23.117408,55.709,0.030988,23.117408,-0.863105
735081.375,1.0,23.203719,55.339,0.030988,23.203719,-0.834196
735081.385417,1.0,23.376341,55.571,0.030988,23.376341,-0.769718
735081.395833,1.0,23.376341,55.461,0.030988,23.376341,-0.77048
735081.40625,1.0,23.376341,55.003,0.030988,23.376341,-0.773655
735081.416667,1.0,23.462655,54.761,0.030988,23.462655,-0.743917
735081.427083,1.0,23.548963,54.295,0.030988,23.548963,-0.715767
735081.4375,1.0,23.635274,53.958,0.030988,23.635274,-0.686742
735081.447917,1.0,23.721585,53.585,0.030988,23.721585,-0.657997
735081.458333,1.0,23.635274,53.243,0.030988,23.635274,-0.691775
735081.46875,1.0,23.635274,52.835,0.030988,23.635274,-0.694647
735081.479167,1.0,23.635274,52.741,0.030988,23.635274,-0.695309
735081.489583,1.0,23.721585,52.461,0.030988,23.721585,-0.66595
735081.5,1.0,23.721585,52.149,0.030988,23.721585,-0.668158
735081.510417,1.0,23.635274,51.929,0.030988,23.635274,-0.701025
735081.520833,1.0,23.721585,51.806,0.030988,23.721585,-0.670585
735081.53125,1.0,23.635274,51.714,0.030988,23.635274,-0.702538
735081.541667,1.0,23.721585,51.339,0.030988,23.721585,-0.673889
735081.552083,1.0,23.635274,51.086,0.030988,23.635274,-0.706959
735081.5625,1.0,23.635274,51.212,0.030988,23.635274,-0.706072
735081.572917,1.0,23.721585,51.373,0.030988,23.721585,-0.673649
735081.583333,1.0,23.721585,51.475,0.030988,23.721585,-0.672927
735081.59375,1.0,23.721585,51.358,0.030988,23.721585,-0.673755
735081.604167,1.0,23.721585,51.077,0.030988,23.721585,-0.675743
735081.614583,1.0,23.721585,50.792,0.030988,23.721585,-0.67776
735081.625,1.0,23.807896,50.605,0.030988,23.807896,-0.647823
735081.635417,1.0,23.721585,50.304,0.030988,23.721585,-0.681213
735081.645833,1.0,23.807896,50.151,0.030988,23.807896,-0.651052
735081.65625,1.0,23.894207,49.932,0.030988,23.894207,-0.621375
735081.666667,1.0,23.894207,49.745,0.030988,23.894207,-0.622712
735081.677083,1.0,23.807896,49.617,0.030988,23.807896,-0.65485
735081.6875,1.0,23.894207,49.49,0.030988,23.894207,-0.624535
735081.697917,1.0,23.807896,49.331,0.030988,23.807896,-0.656885
735081.708333,1.0,23.721585,49.264,0.030988,23.721585,-0.688572
735081.71875,1.0,23.721585,49.325,0.030988,23.721585,-0.688141
735081.729167,1.0,23.721585,49.382,0.030988,23.721585,-0.687737
735081.739583,1.0,23.721585,49.694,0.030988,23.721585,-0.68553
735081.75,1.0,23.635274,49.91,0.030988,23.635274,-0.715237
735081.760417,1.0,23.635274,50.031,0.030988,23.635274,-0.714386
735081.770833,1.0,23.462655,49.989,0.030988,23.462655,-0.777161
735081.78125,1.0,23.376341,50.015,0.030988,23.376341,-0.808223
735081.791667,1.0,23.376341,50.037,0.030988,23.376341,-0.808071
735081.802083,1.0,23.203719,50.094,0.030988,23.203719,-0.870168
735081.8125,1.0,23.29003,50.12,0.030988,23.29003,-0.838742
735081.822917,1.0,23.203719,50.177,0.030988,23.203719,-0.869599
735081.833333,1.0,23.117408,50.234,0.030988,23.117408,-0.90046
735081.84375,1.0,23.203719,50.294,0.030988,23.203719,-0.868796
735081.854167,1.0,23.203719,50.382,0.030988,23.203719,-0.868193
735081.864583,1.0,23.031097,50.439,0.030988,23.031097,-0.930321
735081.875,1.0,23.031097,50.556,0.030988,23.031097,-0.929527
735081.885417,1.0,23.117408,50.781,0.030988,23.117408,-0.896728
735081.895833,1.0,23.29003,51.078,0.030988,23.29003,-0.832138
735081.90625,1.0,23.29003,51.852,0.030988,23.29003,-0.826801
735081.916667,1.0,23.462655,52.688,0.030988,23.462655,-0.758358
735081.927083,1.0,23.721585,53.487,0.030988,23.721585,-0.65869
735081.9375,1.0,23.721585,54.691,0.030988,23.721585,-0.65017
735081.947917,1.0,23.894207,55.358,0.030988,23.894207,-0.582579
735081.958333,1.0,23.980518,55.805,0.030988,23.980518,-0.547931
735081.96875,1.0,24.066829,56.31,0.030988,24.066829,-0.512831
735081.979167,1.0,24.066829,56.819,0.030988,24.066829,-0.509154
735081.989583,1.0,24.066829,57.292,0.030988,24.066829,-0.505737
735082.0,1.0,24.066829,57.733,0.030988,24.066829,-0.502551
735082.010417,1.0,24.066829,58.174,0.030988,24.066829,-0.499365
735082.020833,1.0,24.066829,58.735,0.030988,24.066829,-0.495312
735082.03125,1.0,24.066829,59.205,0.030988,24.066829,-0.491916
735082.041667,1.0,24.066829,59.61,0.030988,24.066829,-0.48899
735082.052083,1.0,24.066829,59.925,0.030988,24.066829,-0.486715
735082.0625,1.0,24.066829,60.083,0.030988,24.066829,-0.485573
735082.072917,1.0,24.325762,60.333,0.030988,24.325762,-0.389654
735082.083333,1.0,24.412071,60.613,0.030988,24.412071,-0.355914
735082.09375,1.0,24.412071,60.894,0.030988,24.412071,-0.353841
735082.104167,1.0,24.412071,61.204,0.030988,24.412071,-0.351555
735082.114583,1.0,24.412071,61.392,0.030988,24.412071,-0.350168
735082.125,1.0,24.412071,61.852,0.030988,24.412071,-0.346776
735082.135417,1.0,24.412071,62.226,0.030988,24.412071,-0.344017
735082.145833,1.0,24.412071,62.593,0.030988,24.412071,-0.34131
735082.15625,1.0,24.412071,62.933,0.030988,24.412071,-0.338803
735082.166667,1.0,24.412071,63.333,0.030988,24.412071,-0.335852
735082.177083,1.0,24.498384,63.576,0.030988,24.498384,-0.302259
735082.1875,1.0,24.498384,63.729,0.030988,24.498384,-0.301125
735082.197917,1.0,24.412071,64.124,0.030988,24.412071,-0.330018
735082.208333,1.0,24.498384,64.124,0.030988,24.498384,-0.298197
735082.21875,1.0,24.412071,64.908,0.030988,24.412071,-0.324236
735082.229167,1.0,24.412071,64.563,0.030988,24.412071,-0.32678
735082.239583,1.0,23.980518,63.775,0.030988,23.980518,-0.490649
735082.25,1.0,24.066829,62.347,0.030988,24.066829,-0.469217
735082.260417,1.0,23.980518,61.215,0.030988,23.980518,-0.509049
735082.270833,1.0,23.721585,60.268,0.030988,23.721585,-0.610707
735082.28125,1.0,23.721585,59.262,0.030988,23.721585,-0.617826
735082.291667,1.0,23.376341,58.5,0.030988,23.376341,-0.749419
735082.302083,1.0,23.29003,57.764,0.030988,23.29003,-0.786042
735082.3125,1.0,23.203719,57.426,0.030988,23.203719,-0.819882
735082.322917,1.0,23.203719,57.315,0.030988,23.203719,-0.820643
735082.333333,1.0,23.203719,57.129,0.030988,23.203719,-0.821919
735082.34375,1.0,22.944786,56.61,0.030988,22.944786,-0.919915
735082.354167,1.0,23.031097,56.337,0.030988,23.031097,-0.89029
735082.364583,1.0,23.203719,56.158,0.030988,23.203719,-0.828578
735082.375,1.0,23.117408,55.792,0.030988,23.117408,-0.862539
735082.385417,1.0,23.203719,55.585,0.030988,23.203719,-0.832508
735082.395833,1.0,23.376341,55.405,0.030988,23.376341,-0.770869
735082.40625,1.0,23.29003,55.166,0.030988,23.29003,-0.803954
735082.416667,1.0,23.376341,54.861,0.030988,23.376341,-0.774639
735082.427083,1.0,23.376341,54.549,0.030988,23.376341,-0.776801
735082.4375,1.0,23.376341,54.208,0.030988,23.376341,-0.779164
735082.447917,1.0,23.29003,54.09,0.030988,23.29003,-0.811372
735082.458333,1.0,23.548963,53.839,0.030988,23.548963,-0.71896
735082.46875,1.0,23.548963,53.589,0.030988,23.548963,-0.720711
735082.479167,1.0,23.635274,53.372,0.030988,23.635274,-0.690867
735082.489583,1.0,23.635274,53.156,0.030988,23.635274,-0.692387
735082.5,1.0,23.548963,52.81,0.030988,23.548963,-0.726166
735082.510417,1.0,23.548963,52.656,0.030988,23.548963,-0.727244
735082.520833,1.0,23.721585,52.6,0.030988,23.721585,-0.664966
735082.53125,1.0,23.635274,52.481,0.030988,23.635274,-0.697139
735082.541667,1.0,23.635274,52.166,0.030988,23.635274,-0.699356
735082.552083,1.0,23.548963,51.976,0.030988,23.548963,-0.732006
735082.5625,1.0,23.721585,52.166,0.030988,23.721585,-0.668038
735082.572917,1.0,23.721585,52.264,0.030988,23.721585,-0.667344
735082.583333,1.0,23.721585,52.365,0.030988,23.721585,-0.666629
735082.59375,1.0,23.894207,52.116,0.030988,23.894207,-0.605759
735082.604167,1.0,23.721585,51.902,0.030988,23.721585,-0.669906
735082.614583,1.0,23.721585,51.617,0.030988,23.721585,-0.671922
735082.625,1.0,23.721585,51.368,0.030988,23.721585,-0.673684
735082.635417,1.0,23.721585,51.21,0.030988,23.721585,-0.674802
735082.645833,1.0,23.721585,51.02,0.030988,23.721585,-0.676147
735082.65625,1.0,23.721585,50.925,0.030988,23.721585,-0.676819
735082.666667,1.0,23.721585,50.858,0.030988,23.721585,-0.677293
735082.677083,1.0,23.721585,50.763,0.030988,23.721585,-0.677965
735082.6875,1.0,23.721585,50.665,0.030988,23.721585,-0.678659
735082.697917,1.0,23.721585,50.532,0.030988,23.721585,-0.6796
735082.708333,1.0,23.635274,50.532,0.030988,23.635274,-0.710859
735082.71875,1.0,23.721585,50.465,0.030988,23.721585,-0.680074
735082.729167,1.0,23.721585,50.586,0.030988,23.721585,-0.679218
735082.739583,1.0,23.635274,50.804,0.030988,23.635274,-0.708944
735082.75,1.0,23.376341,50.893,0.030988,23.376341,-0.802138
735082.760417,1.0,23.376341,50.946,0.030988,23.376341,-0.801771
735082.770833,1.0,23.203719,50.813,0.030988,23.203719,-0.865237
735082.78125,1.0,23.203719,50.898,0.030988,23.203719,-0.864654
735082.791667,1.0,23.203719,50.962,0.030988,23.203719,-0.864215
735082.802083,1.0,23.203719,50.895,0.030988,23.203719,-0.864674
735082.8125,1.0,23.031097,50.829,0.030988,23.031097,-0.927674
735082.822917,1.0,23.031097,50.759,0.030988,23.031097,-0.928149
735082.833333,1.0,23.117408,50.721,0.030988,23.117408,-0.897137
735082.84375,1.0,23.031097,50.591,0.030988,23.031097,-0.929289
735082.854167,1.0,23.031097,50.547,0.030988,23.031097,-0.929588
735082.864583,1.0,23.031097,50.597,0.030988,23.031097,-0.929249
735082.875,1.0,23.031097,50.679,0.030988,23.031097,-0.928692
735082.885417,1.0,23.031097,51.03,0.030988,23.031097,-0.92631
735082.895833,1.0,23.203719,51.957,0.030988,23.203719,-0.857391
735082.90625,1.0,23.376341,53.262,0.030988,23.376341,-0.78572
735082.916667,1.0,23.376341,54.591,0.030988,23.376341,-0.77651
735082.927083,1.0,23.376341,55.762,0.030988,23.376341,-0.768394
735082.9375,1.0,23.548963,57.232,0.030988,23.548963,-0.695199
735082.947917,1.0,23.721585,57.739,0.030988,23.721585,-0.628602
735082.958333,1.0,23.721585,58.491,0.030988,23.721585,-0.623281
735082.96875,1.0,23.721585,59.362,0.030988,23.721585,-0.617118
735082.979167,1.0,23.721585,60.015,0.030988,23.721585,-0.612497
735082.989583,1.0,23.894207,60.79,0.030988,23.894207,-0.54374
735083.0,1.0,23.894207,61.349,0.030988,23.894207,-0.539744
735083.010417,1.0,23.980518,61.903,0.030988,23.980518,-0.504104
735083.020833,1.0,23.980518,62.399,0.030988,23.980518,-0.500539
735083.03125,1.0,23.980518,62.981,0.030988,23.980518,-0.496356
735083.041667,1.0,23.980518,63.472,0.030988,23.980518,-0.492827
735083.052083,1.0,24.066829,63.719,0.030988,24.066829,-0.459305
735083.0625,1.0,24.066829,64.329,0.030988,24.066829,-0.454898
735083.072917,1.0,24.066829,64.429,0.030988,24.066829,-0.454175
735083.083333,1.0,24.066829,64.64,0.030988,24.066829,-0.452651
735083.09375,1.0,24.066829,64.917,0.030988,24.066829,-0.45065
735083.104167,1.0,24.066829,65.223,0.030988,24.066829,-0.448439
735083.114583,1.0,24.066829,65.65,0.030988,24.066829,-0.445354
735083.125,1.0,24.066829,65.801,0.030988,24.066829,-0.444263
735083.135417,1.0,24.066829,66.076,0.030988,24.066829,-0.442276
735083.145833,1.0,24.066829,66.171,0.030988,24.066829,-0.44159
735083.15625,1.0,24.066829,66.231,0.030988,24.066829,-0.441157
735083.166667,1.0,24.066829,66.412,0.030988,24.066829,-0.439849
735083.177083,1.0,24.066829,66.626,0.030988,24.066829,-0.438303
735083.1875,1.0,24.066829,66.686,0.030988,24.066829,-0.437869
735083.197917,1.0,24.066829,66.811,0.030988,24.066829,-0.436966
735083.208333,1.0,24.066829,66.961,0.030988,24.066829,-0.435883
735083.21875,1.0,24.066829,66.901,0.030988,24.066829,-0.436316
735083.229167,1.0,24.066829,66.136,0.030988,24.066829,-0.441843
735083.239583,1.0,24.066829,65.052,0.030988,24.066829,-0.449674
735083.25,1.0,23.980518,63.353,0.030988,23.980518,-0.493682
735083.260417,1.0,23.548963,61.955,0.030988,23.548963,-0.662124
735083.270833,1.0,23.548963,60.522,0.030988,23.548963,-0.67216
735083.28125,1.0,23.376341,59.552,0.030988,23.376341,-0.742128
735083.291667,1.0,23.117408,58.49,0.030988,23.117408,-0.844131
735083.302083,1.0,23.117408,57.526,0.030988,23.117408,-0.850708
735083.3125,1.0,23.031097,56.992,0.030988,23.031097,-0.885844
735083.322917,1.0,22.944786,56.493,0.030988,22.944786,-0.920705
735083.333333,1.0,23.031097,56.02,0.030988,23.031097,-0.892442
735083.34375,1.0,23.031097,55.74,0.030988,23.031097,-0.894342
735083.354167,1.0,23.031097,55.553,0.030988,23.031097,-0.895611
735083.364583,1.0,23.031097,55.18,0.030988,23.031097,-0.898143
735083.375,1.0,23.031097,55.211,0.030988,23.031097,-0.897932
735083.385417,1.0,23.203719,55.443,0.030988,23.203719,-0.833482
735083.395833,1.0,23.203719,55.332,0.030988,23.203719,-0.834244
735083.40625,1.0,23.376341,55.405,0.030988,23.376341,-0.770869
735083.416667,1.0,23.376341,55.322,0.030988,23.376341,-0.771444
735083.427083,1.0,23.376341,55.142,0.030988,23.376341,-0.772691
735083.4375,1.0,23.376341,54.962,0.030988,23.376341,-0.773939
735083.447917,1.0,23.462655,54.875,0.030988,23.462655,-0.743123
735083.458333,1.0,23.376341,54.663,0.030988,23.376341,-0.776011
735083.46875,1.0,23.548963,54.451,0.030988,23.548963,-0.714674
735083.479167,1.0,23.548963,54.201,0.030988,23.548963,-0.716425
735083.489583,1.0,23.635274,53.985,0.030988,23.635274,-0.686552
735083.5,1.0,23.635274,53.86,0.030988,23.635274,-0.687432
735083.510417,1.0,23.548963,53.672,0.030988,23.548963,-0.720129
735083.520833,1.0,23.721585,53.48,0.030988,23.721585,-0.65874
735083.53125,1.0,23.721585,53.382,0.030988,23.721585,-0.659433
735083.541667,1.0,23.721585,53.323,0.030988,23.721585,-0.65985
735083.552083,1.0,23.721585,53.298,0.030988,23.721585,-0.660027
735083.5625,1.0,23.721585,53.343,0.030988,23.721585,-0.659709
735083.572917,1.0,23.894207,53.42,0.030988,23.894207,-0.596436
735083.583333,1.0,23.894207,53.367,0.030988,23.894207,-0.596815
735083.59375,1.0,23.894207,53.122,0.030988,23.894207,-0.598567
735083.604167,1.0,23.807896,52.846,0.030988,23.807896,-0.631883
735083.614583,1.0,23.894207,52.607,0.030988,23.894207,-0.602249
735083.625,1.0,23.894207,52.428,0.030988,23.894207,-0.603529
735083.635417,1.0,23.894207,52.185,0.030988,23.894207,-0.605266
735083.645833,1.0,23.980518,52.002,0.030988,23.980518,-0.575264
735083.65625,1.0,24.066829,51.819,0.030988,24.066829,-0.545277
735083.666667,1.0,24.066829,51.763,0.030988,24.066829,-0.545681
735083.677083,1.0,23.894207,51.643,0.030988,23.894207,-0.609141
735083.6875,1.0,24.066829,51.614,0.030988,24.066829,-0.546758
735083.697917,1.0,23.980518,51.586,0.030988,23.980518,-0.578254
735083.708333,1.0,23.980518,51.589,0.030988,23.980518,-0.578232
735083.71875,1.0,24.066829,51.649,0.030988,24.066829,-0.546505
735083.729167,1.0,23.980518,51.871,0.030988,23.980518,-0.576206
735083.739583,1.0,24.066829,52.31,0.030988,24.066829,-0.541729
735083.75,1.0,24.066829,52.65,0.030988,24.066829,-0.539273
735083.760417,1.0,24.066829,52.868,0.030988,24.066829,-0.537698
735083.770833,1.0,23.894207,52.83,0.030988,23.894207,-0.600654
735083.78125,1.0,23.894207,52.756,0.030988,23.894207,-0.601183
735083.791667,1.0,23.721585,52.778,0.030988,23.721585,-0.663707
735083.802083,1.0,23.721585,52.736,0.030988,23.721585,-0.664004
735083.8125,1.0,23.721585,52.726,0.030988,23.721585,-0.664075
735083.822917,1.0,23.635274,52.685,0.030988,23.635274,-0.695703
735083.833333,1.0,23.376341,52.615,0.030988,23.376341,-0.790204
735083.84375,1.0,23.376341,52.574,0.030988,23.376341,-0.790488
735083.854167,1.0,23.376341,52.497,0.030988,23.376341,-0.791022
735083.864583,1.0,23.376341,52.54,0.030988,23.376341,-0.790724
735083.875,1.0,23.29003,52.65,0.030988,23.29003,-0.8213
735083.885417,1.0,23.376341,52.961,0.030988,23.376341,-0.787806
735083.895833,1.0,23.376341,53.068,0.030988,23.376341,-0.787065
735083.90625,1.0,23.635274,53.553,0.030988,23.635274,-0.689593
735083.916667,1.0,23.721585,54.319,0.030988,23.721585,-0.652803
735083.927083,1.0,23.721585,54.896,0.030988,23.721585,-0.64872
735083.9375,1.0,23.894207,55.594,0.030988,23.894207,-0.580892
735083.947917,1.0,24.066829,56.449,0.030988,24.066829,-0.511827
735083.958333,1.0,24.066829,57.206,0.030988,24.066829,-0.506358
735083.96875,1.0,24.066829,58.023,0.030988,24.066829,-0.500456
735083.979167,1.0,24.066829,58.711,0.030988,24.066829,-0.495485
735083.989583,1.0,24.066829,59.336,0.030988,24.066829,-0.49097
735084.0,1.0,23.980518,59.991,0.030988,23.980518,-0.517846
735084.010417,1.0,24.412071,60.398,0.030988,24.412071,-0.3575
735084.020833,1.0,24.412071,60.775,0.030988,24.412071,-0.354719
735084.03125,1.0,24.412071,61.12,0.030988,24.412071,-0.352175
735084.041667,1.0,24.498384,61.492,0.030988,24.498384,-0.31771
735084.052083,1.0,24.498384,61.833,0.030988,24.498384,-0.315182
735084.0625,1.0,24.584695,62.177,0.030988,24.584695,-0.280885
735084.072917,1.0,24.584695,62.548,0.030988,24.584695,-0.27812
735084.083333,1.0,24.584695,62.674,0.030988,24.584695,-0.277181
735084.09375,1.0,24.584695,63.014,0.030988,24.584695,-0.274647
735084.104167,1.0,24.584695,63.231,0.030988,24.584695,-0.27303
735084.114583,1.0,24.671003,63.357,0.030988,24.671003,-0.2403
735084.125,1.0,24.671003,63.605,0.030988,24.671003,-0.238442
735084.135417,1.0,24.671003,63.852,0.030988,24.671003,-0.236592
735084.145833,1.0,24.671003,63.974,0.030988,24.671003,-0.235678
735084.15625,1.0,24.671003,64.069,0.030988,24.671003,-0.234967
735084.166667,1.0,24.757317,64.255,0.030988,24.757317,-0.201745
735084.177083,1.0,24.757317,64.589,0.030988,24.757317,-0.19923
735084.1875,1.0,24.757317,64.836,0.030988,24.757317,-0.19737
735084.197917,1.0,24.757317,65.079,0.030988,24.757317,-0.19554
735084.208333,1.0,24.757317,65.174,0.030988,24.757317,-0.194825
735084.21875,1.0,24.671003,65.896,0.030988,24.671003,-0.221281
735084.229167,1.0,24.671003,67.338,0.030988,24.671003,-0.210479
735084.239583,1.0,24.498384,66.689,0.030988,24.498384,-0.27918
735084.25,1.0,24.412071,65.392,0.030988,24.412071,-0.320666
735084.260417,1.0,24.066829,64.338,0.030988,24.066829,-0.454833
735084.270833,1.0,24.066829,63.459,0.030988,24.066829,-0.461183
735084.28125,1.0,24.066829,62.67,0.030988,24.066829,-0.466883
735084.291667,1.0,23.980518,61.979,0.030988,23.980518,-0.503558
735084.302083,1.0,23.721585,61.467,0.030988,23.721585,-0.602223
735084.3125,1.0,23.721585,60.958,0.030988,23.721585,-0.605824
735084.322917,1.0,23.635274,60.48,0.030988,23.635274,-0.640831
735084.333333,1.0,23.376341,60.039,0.030988,23.376341,-0.738753
735084.34375,1.0,23.376341,59.72,0.030988,23.376341,-0.740964
735084.354167,1.0,23.376341,59.501,0.030988,23.376341,-0.742482
735084.364583,1.0,23.376341,59.44,0.030988,23.376341,-0.742905
735084.375,1.0,23.635274,59.263,0.030988,23.635274,-0.649398
735084.385417,1.0,23.721585,59.178,0.030988,23.721585,-0.61842
735084.395833,1.0,23.721585,59.158,0.030988,23.721585,-0.618561
735084.40625,1.0,23.721585,59.197,0.030988,23.721585,-0.618285
735084.416667,1.0,23.721585,59.173,0.030988,23.721585,-0.618455
735084.427083,1.0,23.894207,58.969,0.030988,23.894207,-0.556761
735084.4375,1.0,23.894207,58.818,0.030988,23.894207,-0.55784
735084.447917,1.0,23.894207,58.699,0.030988,23.894207,-0.558691
735084.458333,1.0,24.066829,58.613,0.030988,24.066829,-0.496193
735084.46875,1.0,24.066829,58.528,0.030988,24.066829,-0.496807
735084.479167,1.0,24.066829,58.439,0.030988,24.066829,-0.49745
735084.489583,1.0,24.066829,58.323,0.030988,24.066829,-0.498288
735084.5,1.0,24.066829,58.269,0.030988,24.066829,-0.498678
735084.510417,1.0,24.066829,58.148,0.030988,24.066829,-0.499553
735084.520833,1.0,24.066829,58.032,0.030988,24.066829,-0.500391
735084.53125,1.0,24.066829,57.857,0.030988,24.066829,-0.501655
735084.541667,1.0,24.066829,57.679,0.030988,24.066829,-0.502941
735084.552083,1.0,24.066829,57.531,0.030988,24.066829,-0.50401
735084.5625,1.0,24.066829,57.573,0.030988,24.066829,-0.503707
735084.572917,1.0,24.066829,57.649,0.030988,24.066829,-0.503158
735084.583333,1.0,24.239451,57.691,0.030988,24.239451,-0.43981
735084.59375,1.0,24.325762,57.299,0.030988,24.325762,-0.411917
735084.604167,1.0,24.412071,56.971,0.030988,24.412071,-0.382776
735084.614583,1.0,24.412071,56.58,0.030988,24.412071,-0.38566
735084.625,1.0,24.412071,55.97,0.030988,24.412071,-0.390159
735084.635417,1.0,24.498384,55.696,0.030988,24.498384,-0.360681
735084.645833,1.0,24.584695,55.672,0.030988,24.584695,-0.329362
735084.65625,1.0,24.412071,55.797,0.030988,24.412071,-0.391435
735084.666667,1.0,24.325762,55.86,0.030988,24.325762,-0.422475
735084.677083,1.0,24.412071,55.828,0.030988,24.412071,-0.391207
735084.6875,1.0,24.498384,55.731,0.030988,24.498384,-0.360421
735084.697917,1.0,24.498384,55.724,0.030988,24.498384,-0.360473
735084.708333,1.0,24.412071,55.783,0.030988,24.412071,-0.391538
735084.71875,1.0,24.412071,55.776,0.030988,24.412071,-0.39159
735084.729167,1.0,24.412071,55.626,0.030988,24.412071,-0.392696
735084.739583,1.0,24.066829,55.626,0.030988,24.066829,-0.517773
735084.75,1.0,24.066829,55.626,0.030988,24.066829,-0.517773
735084.760417,1.0,24.066829,55.626,0.030988,24.066829,-0.517773
735084.770833,1.0,24.066829,55.626,0.030988,24.066829,-0.517773
735084.78125,1.0,24.066829,55.626,0.030988,24.066829,-0.517773
735084.791667,1.0,24.066829,55.626,0.030988,24.066829,-0.517773
735084.802083,1.0,23.807896,55.626,0.030988,23.807896,-0.612109
735084.8125,1.0,23.807896,55.626,0.030988,23.807896,-0.612109
735084.822917,1.0,23.721585,55.626,0.030988,23.721585,-0.643554
735084.833333,1.0,23.721585,55.626,0.030988,23.721585,-0.643554
735084.84375,1.0,23.635274,55.626,0.030988,23.635274,-0.675
735084.854167,1.0,23.635274,55.626,0.030988,23.635274,-0.675
735084.864583,1.0,23.29003,55.626,0.030988,23.29003,-0.800782
735084.875,1.0,23.376341,55.626,0.030988,23.376341,-0.769337
735084.885417,1.0,23.548963,55.626,0.030988,23.548963,-0.706446
735084.895833,1.0,23.721585,55.626,0.030988,23.721585,-0.643554
735084.90625,1.0,23.721585,55.626,0.030988,23.721585,-0.643554
735084.916667,1.0,23.894207,55.626,0.030988,23.894207,-0.580663
735084.927083,1.0,23.980518,55.626,0.030988,23.980518,-0.549218
735084.9375,1.0,24.066829,55.626,0.030988,24.066829,-0.517773
735084.947917,1.0,24.066829,55.626,0.030988,24.066829,-0.517773
735084.958333,1.0,24.066829,55.626,0.030988,24.066829,-0.517773
735084.96875,1.0,24.066829,55.626,0.030988,24.066829,-0.517773
735084.979167,1.0,24.066829,55.626,0.030988,24.066829,-0.517773
735084.989583,1.0,24.239451,55.626,0.030988,24.239451,-0.454884
735085.0,1.0,24.239451,55.626,0.030988,24.239451,-0.454884
735085.010417,1.0,24.325762,55.626,0.030988,24.325762,-0.424192
735085.020833,1.0,24.412071,55.626,0.030988,24.412071,-0.392696
735085.03125,1.0,24.239451,55.626,0.030988,24.239451,-0.454884
735085.041667,1.0,24.066829,55.626,0.030988,24.066829,-0.517773
735085.052083,1.0,24.066829,55.626,0.030988,24.066829,-0.517773
735085.0625,1.0,24.066829,55.626,0.030988,24.066829,-0.517773
735085.072917,1.0,23.807896,55.626,0.030988,23.807896,-0.612109
735085.083333,1.0,23.721585,55.626,0.030988,23.721585,-0.643554
735085.09375,1.0,23.721585,55.626,0.030988,23.721585,-0.643554
735085.104167,1.0,23.721585,55.626,0.030988,23.721585,-0.643554
735085.114583,1.0,23.548963,55.626,0.030988,23.548963,-0.706446
735085.125,1.0,23.376341,55.626,0.030988,23.376341,-0.769337
735085.135417,1.0,23.376341,55.626,0.030988,23.376341,-0.769337
735085.145833,1.0,23.376341,55.626,0.030988,23.376341,-0.769337
735085.15625,1.0,23.29003,55.626,0.030988,23.29003,-0.800782
735085.166667,1.0,23.203719,55.626,0.030988,23.203719,-0.832227
735085.177083,1.0,23.203719,55.626,0.030988,23.203719,-0.832227
735085.1875,1.0,23.203719,55.626,0.030988,23.203719,-0.832227
735085.197917,1.0,23.031097,55.626,0.030988,23.031097,-0.895116
735085.208333,1.0,23.031097,55.626,0.030988,23.031097,-0.895116
735085.21875,1.0,23.031097,55.626,0.030988,23.031097,-0.895116
735085.229167,1.0,23.031097,55.626,0.030988,23.031097,-0.895116
735085.239583,1.0,23.203719,55.626,0.030988,23.203719,-0.832227
735085.25,1.0,23.376341,55.626,0.030988,23.376341,-0.769337
735085.260417,1.0,23.548963,55.626,0.030988,23.548963,-0.706446
735085.270833,1.0,,55.626,0.030988,,
735085.28125,1.0,,55.626,0.030988,,
735085.291667,1.0,,55.626,0.030988,,
735085.302083,1.0,,55.626,0.030988,,
735085.3125,1.0,,55.626,0.030988,,
735085.322917,1.0,,55.626,0.030988,,
735085.333333,1.0,,55.626,0.030988,,
735085.34375,1.0,,55.626,0.030988,,
735085.354167,1.0,,55.626,0.030988,,
735085.364583,1.0,,55.626,0.030988,,
735085.375,1.0,,55.626,0.030988,,
735085.385417,1.0,,55.626,0.030988,,
735085.395833,1.0,,55.626,0.030988,,
735085.40625,1.0,24.066829,55.626,0.030988,24.066829,-0.517773
735085.416667,1.0,23.980518,55.626,0.030988,23.980518,-0.549218
735085.427083,1.0,24.066829,55.626,0.030988,24.066829,-0.517773
735085.4375,1.0,24.066829,55.626,0.030988,24.066829,-0.517773
735085.447917,1.0,24.066829,55.626,0.030988,24.066829,-0.517773
735085.458333,1.0,24.066829,55.626,0.030988,24.066829,-0.517773
735085.46875,1.0,24.066829,55.626,0.030988,24.066829,-0.517773
735085.479167,1.0,23.980518,55.626,0.030988,23.980518,-0.549218
735085.489583,1.0,23.807896,55.626,0.030988,23.807896,-0.612109
735085.5,1.0,23.721585,55.626,0.030988,23.721585,-0.643554
735085.510417,1.0,23.376341,55.626,0.030988,23.376341,-0.769337
735085.520833,1.0,23.376341,55.626,0.030988,23.376341,-0.769337
735085.53125,1.0,23.29003,55.626,0.030988,23.29003,-0.800782
735085.541667,1.0,23.031097,55.626,0.030988,23.031097,-0.895116
735085.552083,1.0,23.031097,55.626,0.030988,23.031097,-0.895116
735085.5625,1.0,22.685591,55.626,0.030988,22.685591,-1.020981
735085.572917,1.0,22.685591,55.626,0.030988,22.685591,-1.020981
735085.583333,1.0,22.685591,55.626,0.030988,22.685591,-1.020981
735085.59375,1.0,22.425864,55.626,0.030988,22.425864,-1.115589
735085.604167,1.0,22.599013,55.626,0.030988,22.599013,-1.052519
735085.614583,1.0,22.599013,55.626,0.030988,22.599013,-1.052519
735085.625,1.0,22.599013,55.626,0.030988,22.599013,-1.052519
735085.635417,1.0,22.599013,55.626,0.030988,22.599013,-1.052519
735085.645833,1.0,22.685591,55.626,0.030988,22.685591,-1.020981
735085.65625,1.0,22.685591,55.626,0.030988,22.685591,-1.020981
735085.666667,1.0,22.685591,55.626,0.030988,22.685591,-1.020981
735085.677083,1.0,22.512437,55.626,0.030988,22.512437,-1.084055
735085.6875,1.0,22.512437,55.626,0.030988,22.512437,-1.084055
735085.697917,1.0,22.599013,55.626,0.030988,22.599013,-1.052519
735085.708333,1.0,22.512437,55.626,0.030988,22.512437,-1.084055
735085.71875,1.0,22.685591,55.626,0.030988,22.685591,-1.020981
735085.729167,1.0,22.685591,55.626,0.030988,22.685591,-1.020981
735085.739583,1.0,23.031097,55.626,0.030988,23.031097,-0.895116
735085.75,1.0,23.203719,55.626,0.030988,23.203719,-0.832227
735085.760417,1.0,23.29003,55.626,0.030988,23.29003,-0.800782
735085.770833,1.0,23.376341,55.626,0.030988,23.376341,-0.769337
735085.78125,1.0,23.462655,55.626,0.030988,23.462655,-0.737891
735085.791667,1.0,23.548963,55.626,0.030988,23.548963,-0.706446
735085.802083,1.0,23.721585,55.626,0.030988,23.721585,-0.643554
735085.8125,1.0,23.721585,55.626,0.030988,23.721585,-0.643554
735085.822917,1.0,23.721585,55.626,0.030988,23.721585,-0.643554
735085.833333,1.0,23.894207,55.626,0.030988,23.894207,-0.580663
735085.84375,1.0,23.894207,55.626,0.030988,23.894207,-0.580663
735085.854167,1.0,23.894207,55.626,0.030988,23.894207,-0.580663
735085.864583,1.0,23.894207,55.626,0.030988,23.894207,-0.580663
735085.875,1.0,23.980518,55.626,0.030988,23.980518,-0.549218
735085.885417,1.0,24.066829,55.626,0.030988,24.066829,-0.517773
735085.895833,1.0,24.066829,55.626,0.030988,24.066829,-0.517773
735085.90625,1.0,24.066829,55.626,0.030988,24.066829,-0.517773
735085.916667,1.0,24.066829,55.626,0.030988,24.066829,-0.517773
735085.927083,1.0,24.066829,55.626,0.030988,24.066829,-0.517773
735085.9375,1.0,24.066829,55.626,0.030988,24.066829,-0.517773
735085.947917,1.0,24.066829,55.626,0.030988,24.066829,-0.517773
735085.958333,1.0,24.066829,55.626,0.030988,24.066829,-0.517773
735085.96875,1.0,24.066829,55.626,0.030988,24.066829,-0.517773
735085.979167,1.0,24.066829,55.626,0.030988,24.066829,-0.517773
735085.989583,1.0,24.066829,55.626,0.030988,24.066829,-0.517773
735086.0,1.0,24.066829,55.626,0.030988,24.066829,-0.517773
735086.010417,1.0,24.066829,55.626,0.030988,24.066829,-0.517773
735086.020833,1.0,24.066829,55.626,0.030988,24.066829,-0.517773
735086.03125,1.0,23.980518,55.626,0.030988,23.980518,-0.549218
735086.041667,1.0,24.066829,55.626,0.030988,24.066829,-0.517773
735086.052083,1.0,24.066829,55.626,0.030988,24.066829,-0.517773
735086.0625,1.0,24.066829,55.626,0.030988,24.066829,-0.517773
735086.072917,1.0,24.066829,55.626,0.030988,24.066829,-0.517773
735086.083333,1.0,24.15314,55.626,0.030988,24.15314,-0.486328
735086.09375,1.0,24.15314,55.626,0.030988,24.15314,-0.486328
735086.104167,1.0,24.325762,55.626,0.030988,24.325762,-0.424192
735086.114583,1.0,24.412071,55.626,0.030988,24.412071,-0.392696
735086.125,1.0,24.239451,55.626,0.030988,24.239451,-0.454884
735086.135417,1.0,24.325762,55.626,0.030988,24.325762,-0.424192
735086.145833,1.0,24.412071,55.626,0.030988,24.412071,-0.392696
735086.15625,1.0,24.412071,55.626,0.030988,24.412071,-0.392696
735086.166667,1.0,24.412071,55.626,0.030988,24.412071,-0.392696
735086.177083,1.0,24.325762,55.626,0.030988,24.325762,-0.424192
735086.1875,1.0,24.412071,55.626,0.030988,24.412071,-0.392696
735086.197917,1.0,24.412071,55.626,0.030988,24.412071,-0.392696
735086.208333,1.0,24.412071,55.626,0.030988,24.412071,-0.392696
735086.21875,1.0,24.412071,55.626,0.030988,24.412071,-0.392696
735086.229167,1.0,24.412071,55.626,0.030988,24.412071,-0.392696
735086.239583,1.0,24.412071,55.626,0.030988,24.412071,-0.392696
735086.25,1.0,24.325762,55.626,0.030988,24.325762,-0.424192
735086.260417,1.0,24.412071,55.626,0.030988,24.412071,-0.392696
735086.270833,1.0,24.412071,55.626,0.030988,24.412071,-0.392696
735086.28125,1.0,24.325762,55.626,0.030988,24.325762,-0.424192
735086.291667,1.0,24.412071,55.626,0.030988,24.412071,-0.392696
735086.302083,1.0,24.412071,55.626,0.030988,24.412071,-0.392696
735086.3125,1.0,24.498384,55.626,0.030988,24.498384,-0.3612
735086.322917,1.0,24.498384,55.626,0.030988,24.498384,-0.3612
735086.333333,1.0,24.412071,55.626,0.030988,24.412071,-0.392696
735086.34375,1.0,24.412071,55.626,0.030988,24.412071,-0.392696
735086.354167,1.0,24.412071,55.626,0.030988,24.412071,-0.392696
735086.364583,1.0,24.412071,55.626,0.030988,24.412071,-0.392696
735086.375,1.0,23.980518,55.626,0.030988,23.980518,-0.549218
735086.385417,1.0,24.066829,55.626,0.030988,24.066829,-0.517773
735086.395833,1.0,23.980518,55.626,0.030988,23.980518,-0.549218
735086.40625,1.0,23.894207,55.626,0.030988,23.894207,-0.580663
735086.416667,1.0,23.721585,55.626,0.030988,23.721585,-0.643554
735086.427083,1.0,23.635274,55.626,0.030988,23.635274,-0.675
735086.4375,1.0,23.635274,55.626,0.030988,23.635274,-0.675
735086.447917,1.0,23.376341,55.626,0.030988,23.376341,-0.769337
735086.458333,1.0,23.376341,55.626,0.030988,23.376341,-0.769337
735086.46875,1.0,23.376341,55.626,0.030988,23.376341,-0.769337
735086.479167,1.0,23.29003,55.626,0.030988,23.29003,-0.800782
735086.489583,1.0,23.29003,55.626,0.030988,23.29003,-0.800782
735086.5,1.0,23.031097,55.626,0.030988,23.031097,-0.895116
735086.510417,1.0,23.031097,55.626,0.030988,23.031097,-0.895116
735086.520833,1.0,23.031097,55.626,0.030988,23.031097,-0.895116
735086.53125,1.0,23.031097,65.288,0.030988,23.031097,-0.829538
735086.541667,1.0,22.944786,63.386,0.030988,22.944786,-0.874165
735086.552083,1.0,23.031097,63.093,0.030988,23.031097,-0.844436
735086.5625,1.0,22.772164,62.638,0.030988,22.772164,-0.942593
735086.572917,1.0,22.599013,62.334,0.030988,22.599013,-1.008168
735086.583333,1.0,22.685591,61.881,0.030988,22.685591,-0.979407
735086.59375,1.0,22.685591,61.519,0.030988,22.685591,-0.981813
735086.604167,1.0,22.685591,61.13,0.030988,22.685591,-0.984398
735086.614583,1.0,22.685591,60.74,0.030988,22.685591,-0.986991
735086.625,1.0,22.685591,60.411,0.030988,22.685591,-0.989177
735086.635417,1.0,22.599013,60.112,0.030988,22.599013,-1.022859
735086.645833,1.0,22.685591,59.716,0.030988,22.685591,-0.993797
735086.65625,1.0,22.685591,59.505,0.030988,22.685591,-0.995199
735086.666667,1.0,22.685591,59.263,0.030988,22.685591,-0.996808
735086.677083,1.0,22.685591,59.078,0.030988,22.685591,-0.998037
735086.6875,1.0,22.685591,59.386,0.030988,22.685591,-0.99599
735086.697917,1.0,22.685591,59.693,0.030988,22.685591,-0.99395
735086.708333,1.0,22.685591,59.935,0.030988,22.685591,-0.992341
735086.71875,1.0,22.858478,59.878,0.030988,22.858478,-0.929442
735086.729167,1.0,23.031097,59.781,0.030988,23.031097,-0.866915
735086.739583,1.0,23.376341,59.65,0.030988,23.376341,-0.741449
735086.75,1.0,23.376341,59.611,0.030988,23.376341,-0.74172
735086.760417,1.0,23.635274,59.661,0.030988,23.635274,-0.646596
735086.770833,1.0,23.807896,59.768,0.030988,23.807896,-0.582647
735086.78125,1.0,23.980518,59.906,0.030988,23.980518,-0.518457
735086.791667,1.0,23.894207,59.979,0.030988,23.894207,-0.549539
735086.802083,1.0,24.066829,60.172,0.030988,24.066829,-0.48493
735086.8125,1.0,24.066829,60.606,0.030988,24.066829,-0.481795
735086.822917,1.0,24.066829,60.859,0.030988,24.066829,-0.479967
735086.833333,1.0,24.066829,61.109,0.030988,24.066829,-0.478161
735086.84375,1.0,24.066829,61.354,0.030988,24.066829,-0.476391
735086.854167,1.0,24.066829,61.939,0.030988,24.066829,-0.472164
735086.864583,1.0,24.066829,62.096,0.030988,24.066829,-0.47103
735086.875,1.0,24.066829,62.31,0.030988,24.066829,-0.469484
735086.885417,1.0,24.066829,62.463,0.030988,24.066829,-0.468379
735086.895833,1.0,24.066829,62.589,0.030988,24.066829,-0.467468
735086.90625,1.0,24.066829,62.776,0.030988,24.066829,-0.466117
735086.916667,1.0,24.239451,62.898,0.030988,24.239451,-0.401801
735086.927083,1.0,24.239451,62.959,0.030988,24.239451,-0.401355
735086.9375,1.0,24.412071,63.268,0.030988,24.412071,-0.336332
735086.947917,1.0,24.412071,63.298,0.030988,24.412071,-0.33611
735086.958333,1.0,24.412071,63.333,0.030988,24.412071,-0.335852
735086.96875,1.0,24.412071,63.516,0.030988,24.412071,-0.334503
735086.979167,1.0,24.412071,63.52,0.030988,24.412071,-0.334473
735086.989583,1.0,24.412071,63.58,0.030988,24.412071,-0.33403
735087.0,1.0,24.412071,63.641,0.030988,24.412071,-0.333581
735087.010417,1.0,24.412071,63.767,0.030988,24.412071,-0.332651
735087.020833,1.0,24.412071,63.828,0.030988,24.412071,-0.332201
735087.03125,1.0,24.412071,63.889,0.030988,24.412071,-0.331751
735087.041667,1.0,24.412071,64.071,0.030988,24.412071,-0.330409
735087.052083,1.0,24.412071,64.166,0.030988,24.412071,-0.329708
735087.0625,1.0,24.498384,64.379,0.030988,24.498384,-0.296306
735087.072917,1.0,24.412071,64.53,0.030988,24.412071,-0.327024
735087.083333,1.0,24.498384,64.868,0.030988,24.498384,-0.292681
735087.09375,1.0,24.498384,65.05,0.030988,24.498384,-0.291331
735087.104167,1.0,24.498384,65.201,0.030988,24.498384,-0.290212
735087.114583,1.0,24.498384,65.296,0.030988,24.498384,-0.289508
735087.125,1.0,24.584695,65.478,0.030988,24.584695,-0.256285
735087.135417,1.0,24.498384,65.478,0.030988,24.498384,-0.288158
735087.145833,1.0,24.498384,65.72,0.030988,24.498384,-0.286364
735087.15625,1.0,24.584695,65.633,0.030988,24.584695,-0.25513
735087.166667,1.0,24.584695,65.573,0.030988,24.584695,-0.255577
735087.177083,1.0,24.584695,65.482,0.030988,24.584695,-0.256255
735087.1875,1.0,24.498384,65.452,0.030988,24.498384,-0.288351
735087.197917,1.0,24.584695,65.456,0.030988,24.584695,-0.256449
735087.208333,1.0,24.584695,65.425,0.030988,24.584695,-0.25668
735087.21875,1.0,24.584695,66.241,0.030988,24.584695,-0.250599
735087.229167,1.0,24.584695,67.471,0.030988,24.584695,-0.241433
735087.239583,1.0,24.412071,67.184,0.030988,24.412071,-0.307449
735087.25,1.0,24.066829,66.028,0.030988,24.066829,-0.442623
735087.260417,1.0,24.066829,65.382,0.030988,24.066829,-0.44729
735087.270833,1.0,23.980518,64.957,0.030988,23.980518,-0.482154
735087.28125,1.0,23.807896,64.414,0.030988,23.807896,-0.5496
735087.291667,1.0,23.894207,64.174,0.030988,23.894207,-0.519545
735087.302083,1.0,23.807896,63.82,0.030988,23.807896,-0.553825
735087.3125,1.0,23.894207,63.349,0.030988,23.894207,-0.525444
735087.322917,1.0,23.807896,63.056,0.030988,23.807896,-0.559259
735087.333333,1.0,23.721585,62.79,0.030988,23.721585,-0.592861
735087.34375,1.0,23.721585,62.322,0.030988,23.721585,-0.596173
735087.354167,1.0,23.635274,62.306,0.030988,23.635274,-0.627977
735087.364583,1.0,23.721585,62.085,0.030988,23.721585,-0.59785
735087.375,1.0,23.721585,61.785,0.030988,23.721585,0.160041
735087.385417,1.0,23.721585,61.85,0.030988,23.721585,-0.95002
735087.395833,1.0,23.635274,61.8,0.030988,23.635274,-0.985406
735087.40625,1.0,23.721585,61.93,0.030988,23.721585,-0.949454
735087.416667,1.0,23.721585,61.698,0.030988,23.721585,-0.951096
735087.427083,1.0,23.894207,61.156,0.030988,23.894207,-0.884924
735087.4375,1.0,23.980518,60.858,0.030988,23.980518,-0.852067
735087.447917,1.0,23.721585,60.587,0.030988,23.721585,-0.958958
735087.458333,1.0,23.807896,60.319,0.030988,23.807896,-0.92588
735087.46875,1.0,23.807896,60.077,0.030988,23.807896,-0.927601
735087.479167,1.0,23.894207,59.682,0.030988,23.894207,-0.895463
735087.489583,1.0,23.980518,59.159,0.030988,23.980518,-0.864278
735087.5,1.0,23.980518,58.67,0.030988,23.980518,0.502298
735087.510417,1.0,24.066829,58.304,0.030988,24.066829,-0.086854
735087.520833,1.0,24.066829,57.658,0.030988,24.066829,-0.091521
735087.53125,1.0,23.980518,57.101,0.030988,23.980518,-0.123019
735087.541667,1.0,24.412071,56.822,0.030988,24.412071,0.012323
735087.552083,1.0,24.412071,56.481,0.030988,24.412071,0.009808
735087.5625,1.0,24.066829,56.857,0.030988,24.066829,-0.097308
735087.572917,1.0,24.412071,56.898,0.030988,24.412071,0.012884
735087.583333,1.0,24.066829,56.871,0.030988,24.066829,-0.097207
735087.59375,1.0,24.066829,56.374,0.030988,24.066829,-0.100797
735087.604167,1.0,24.066829,55.911,0.030988,24.066829,-0.104142
735087.614583,1.0,23.721585,55.461,0.030988,23.721585,-0.217026
735087.625,1.0,23.635274,55.035,0.030988,23.635274,-0.247425
735087.635417,1.0,23.894207,54.76,0.030988,23.894207,-0.167227
735087.645833,1.0,24.066829,54.573,0.030988,24.066829,-0.113808
735087.65625,1.0,24.066829,54.458,0.030988,24.066829,-0.114639
735087.666667,1.0,24.066829,54.12,0.030988,24.066829,-0.241648
735087.677083,1.0,24.066829,54.002,0.030988,24.066829,-0.117934
735087.6875,1.0,24.066829,53.845,0.030988,24.066829,-0.119068
735087.697917,1.0,24.066829,53.779,0.030988,24.066829,-0.119545
735087.708333,1.0,23.894207,53.643,0.030988,23.894207,-0.175214
735087.71875,1.0,23.980518,53.566,0.030988,23.980518,-0.148425
735087.729167,1.0,23.980518,54.239,0.030988,23.980518,-0.143588
735087.739583,1.0,24.066829,54.667,0.030988,24.066829,-0.113129
735087.75,1.0,23.894207,54.969,0.030988,23.894207,-0.165733
735087.760417,1.0,23.807896,54.799,0.030988,23.807896,-0.194331
735087.770833,1.0,23.721585,54.597,0.030988,23.721585,-0.223139
735087.78125,1.0,23.376341,54.462,0.030988,23.376341,-0.333532
735087.791667,1.0,23.376341,54.362,0.030988,23.376341,-0.334225
735087.802083,1.0,23.203719,54.202,0.030988,23.203719,-0.390015
735087.8125,1.0,23.117408,54.105,0.030988,23.117408,-0.418012
735087.822917,1.0,23.031097,53.82,0.030988,23.031097,-0.447276
735087.833333,1.0,23.031097,53.472,0.030988,23.031097,-0.449637
735087.84375,1.0,22.858478,53.211,0.030988,22.858478,-0.505993
735087.854167,1.0,22.685591,52.702,0.030988,22.685591,-0.564032
735087.864583,1.0,22.599013,52.413,0.030988,22.599013,-0.593291
735087.875,1.0,22.685591,52.025,0.030988,22.685591,-0.568532
735087.885417,1.0,22.685591,52.371,0.030988,22.685591,-0.566232
735087.895833,1.0,22.772164,52.353,0.030988,22.772164,-0.539015
735087.90625,1.0,23.031097,52.366,0.030988,23.031097,-0.457144
735087.916667,1.0,23.203719,52.474,0.030988,23.203719,-0.401866
735087.927083,1.0,23.29003,52.55,0.030988,23.29003,-0.374065
735087.9375,1.0,23.376341,52.56,0.030988,23.376341,-0.346713
735087.947917,1.0,23.376341,52.696,0.030988,23.376341,-0.345771
735087.958333,1.0,23.462655,52.706,0.030988,23.462655,-0.318409
735087.96875,1.0,23.635274,52.779,0.030988,23.635274,-0.263306
735087.979167,1.0,23.635274,52.848,0.030988,23.635274,-0.26282
735087.989583,1.0,23.721585,52.918,0.030988,23.721585,-0.23502
735088.0,1.0,23.721585,53.05,0.030988,23.721585,-0.234086
735088.010417,1.0,23.721585,53.12,0.030988,23.721585,-0.661287
735088.020833,1.0,23.721585,53.127,0.030988,23.721585,-0.661237
735088.03125,1.0,23.721585,53.224,0.030988,23.721585,-0.660551
735088.041667,1.0,23.894207,53.322,0.030988,23.894207,-0.597137
735088.052083,1.0,23.894207,53.423,0.030988,23.894207,-0.596414
735088.0625,1.0,23.980518,53.458,0.030988,23.980518,-0.564799
735088.072917,1.0,23.894207,53.587,0.030988,23.894207,-0.595242
735088.083333,1.0,23.894207,53.653,0.030988,23.894207,-0.59477
735088.09375,1.0,23.894207,53.751,0.030988,23.894207,-0.594069
735088.104167,1.0,23.980518,53.845,0.030988,23.980518,-0.562018
735088.114583,1.0,23.980518,53.942,0.030988,23.980518,-0.561321
735088.125,1.0,23.980518,54.103,0.030988,23.980518,-0.560164
735088.135417,1.0,24.066829,54.2,0.030988,24.066829,-0.528075
735088.145833,1.0,23.980518,54.294,0.030988,23.980518,-0.558791
735088.15625,1.0,24.066829,54.36,0.030988,24.066829,-0.526919
735088.166667,1.0,24.066829,54.548,0.030988,24.066829,-0.525561
735088.177083,1.0,24.066829,54.614,0.030988,24.066829,-0.525084
735088.1875,1.0,24.066829,54.614,0.030988,24.066829,-0.525084
735088.197917,1.0,24.066829,54.739,0.030988,24.066829,-0.524181
735088.208333,1.0,24.066829,54.68,0.030988,24.066829,-0.524607
735088.21875,1.0,24.066829,55.674,0.030988,24.066829,-0.517426
735088.229167,1.0,23.894207,56.034,0.030988,23.894207,-0.577746
735088.239583,1.0,23.721585,56.102,0.030988,23.721585,-0.640186
735088.25,1.0,23.721585,55.499,0.030988,23.721585,-0.644453
735088.260417,1.0,23.376341,54.924,0.030988,23.376341,-0.774202
735088.270833,1.0,23.031097,54.317,0.030988,23.031097,-0.904
735088.28125,1.0,22.944786,54.325,0.030988,22.944786,-0.935343
735088.291667,1.0,22.685591,54.27,0.030988,22.685591,-1.029994
735088.302083,1.0,22.599013,54.194,0.030988,22.599013,-1.061987
735088.3125,1.0,22.339289,54.823,0.030988,22.339289,-1.152349
735088.322917,1.0,22.339289,54.207,0.030988,22.339289,-1.156358
735088.333333,1.0,22.339289,53.301,0.030988,22.339289,-1.162254
735088.34375,1.0,22.339289,52.475,0.030988,22.339289,-1.16763
735088.354167,1.0,22.339289,51.832,0.030988,22.339289,-1.171815
735088.364583,1.0,22.339289,51.184,0.030988,22.339289,-1.176032
735088.375,1.0,22.685591,50.695,0.030988,22.685591,-1.053755
735088.385417,1.0,22.685591,50.05,0.030988,22.685591,-1.058042
735088.395833,1.0,23.031097,49.749,0.030988,23.031097,-0.935004
735088.40625,1.0,23.031097,49.568,0.030988,23.031097,-0.936233
735088.416667,1.0,23.203719,49.514,0.030988,23.203719,-0.874146
735088.427083,1.0,23.29003,49.294,0.030988,23.29003,-0.844437
735088.4375,1.0,23.29003,49.107,0.030988,23.29003,0.356417
735088.447917,1.0,23.376341,49.011,0.030988,23.376341,-0.55674
735088.458333,1.0,23.376341,48.957,0.030988,23.376341,-0.557114
735088.46875,1.0,23.376341,48.938,0.030988,23.376341,-0.557246
735088.479167,1.0,23.635274,48.845,0.030988,23.635274,-0.471419
735088.489583,1.0,23.635274,48.785,0.030988,23.635274,-0.471841
735088.5,1.0,23.462655,48.661,0.030988,23.462655,-0.530349
735088.510417,1.0,23.548963,48.594,0.030988,23.548963,-0.920576
735088.520833,1.0,23.548963,48.661,0.030988,23.548963,-0.755221
735088.53125,1.0,23.462655,48.6,0.030988,23.462655,-0.786838
735088.541667,1.0,23.548963,48.507,0.030988,23.548963,-0.756299
735088.552083,1.0,23.548963,48.479,0.030988,23.548963,-0.756495
735088.5625,1.0,23.635274,48.482,0.030988,23.635274,-0.72529
735088.572917,1.0,23.635274,48.711,0.030988,23.635274,-0.723678
735088.583333,1.0,23.635274,48.937,0.030988,23.635274,-0.722087
735088.59375,1.0,23.721585,49.007,0.030988,23.721585,-0.690391
735088.604167,1.0,23.721585,48.95,0.030988,23.721585,-0.690794
735088.614583,1.0,23.721585,48.956,0.030988,23.721585,-0.690752
735088.625,1.0,23.721585,48.831,0.030988,23.721585,-0.691636
735088.635417,1.0,23.635274,48.831,0.030988,23.635274,-0.722833
735088.645833,1.0,23.980518,48.742,0.030988,23.980518,-0.598694
735088.65625,1.0,23.894207,48.716,0.030988,23.894207,-0.630069
735088.666667,1.0,23.807896,48.598,0.030988,23.807896,-0.821703
735088.677083,1.0,23.721585,48.473,0.030988,23.721585,-0.69417
735088.6875,1.0,23.894207,48.409,0.030988,23.894207,-0.632264
735088.697917,1.0,23.980518,48.32,0.030988,23.980518,-0.601727
735088.708333,1.0,24.066829,48.259,0.030988,24.066829,-0.570996
735088.71875,1.0,23.980518,48.358,0.030988,23.980518,-0.601454
735088.729167,1.0,24.066829,48.233,0.030988,24.066829,-0.571184
735088.739583,1.0,24.066829,48.431,0.030988,24.066829,-0.569753
735088.75,1.0,24.066829,48.626,0.030988,24.066829,-0.568344
735088.760417,1.0,24.066829,48.757,0.030988,24.066829,-0.567398
735088.770833,1.0,23.980518,48.686,0.030988,23.980518,-0.599097
735088.78125,1.0,23.894207,48.648,0.030988,23.894207,-0.630556
735088.791667,1.0,23.721585,48.709,0.030988,23.721585,-0.6925
735088.802083,1.0,23.721585,48.738,0.030988,23.721585,-0.692294
735088.8125,1.0,23.721585,48.764,0.030988,23.721585,-0.69211
735088.822917,1.0,23.721585,48.856,0.030988,23.721585,-0.691459
735088.833333,1.0,23.548963,48.981,0.030988,23.548963,-0.75298
735088.84375,1.0,23.462655,49.105,0.030988,23.462655,-0.783319
735088.854167,1.0,23.548963,49.293,0.030988,23.548963,-0.750795
735088.864583,1.0,23.462655,49.385,0.030988,23.462655,-0.781369
735088.875,1.0,23.376341,49.379,0.030988,23.376341,-0.812631
735088.885417,1.0,23.635274,49.627,0.030988,23.635274,-0.717229
735088.895833,1.0,23.721585,50.009,0.030988,23.721585,-0.683301
735088.90625,1.0,23.721585,50.462,0.030988,23.721585,-0.680095
735088.916667,1.0,23.807896,51.039,0.030988,23.807896,-0.644736
735088.927083,1.0,23.894207,51.619,0.030988,23.894207,-0.609313
735088.9375,1.0,23.980518,52.131,0.030988,23.980518,-0.574337
735088.947917,1.0,24.066829,52.925,0.030988,24.066829,-0.537286
735088.958333,1.0,24.066829,53.53,0.030988,24.066829,-0.532915
735088.96875,1.0,24.066829,54.102,0.030988,24.066829,-0.528783
735088.979167,1.0,24.066829,54.548,0.030988,24.066829,-0.525561
735088.989583,1.0,24.066829,55.115,0.030988,24.066829,-0.521465
735089.0,1.0,24.066829,55.528,0.030988,24.066829,-0.518481
735089.010417,1.0,24.066829,56.031,0.030988,24.066829,-0.514847
735089.020833,1.0,24.15314,56.409,0.030988,24.15314,-0.480642
735089.03125,1.0,24.412071,56.786,0.030988,24.412071,-0.384141
735089.041667,1.0,24.412071,57.194,0.030988,24.412071,-0.381131
735089.052083,1.0,24.325762,57.726,0.030988,24.325762,-0.408783
735089.0625,1.0,24.412071,57.947,0.030988,24.412071,-0.375578
735089.072917,1.0,24.412071,58.477,0.030988,24.412071,-0.371668
735089.083333,1.0,24.412071,58.945,0.030988,24.412071,-0.368217
735089.09375,1.0,24.412071,59.196,0.030988,24.412071,-0.366365
735089.104167,1.0,24.412071,59.505,0.030988,24.412071,-0.364086
735089.114583,1.0,24.498384,59.848,0.030988,24.498384,-0.329898
735089.125,1.0,24.498384,60.221,0.030988,24.498384,-0.327133
735089.135417,1.0,24.584695,60.375,0.030988,24.584695,-0.294314
735089.145833,1.0,24.584695,60.656,0.030988,24.584695,-0.29222
735089.15625,1.0,24.584695,61.024,0.030988,24.584695,-0.289477
735089.166667,1.0,24.584695,61.147,0.030988,24.584695,-0.288561
735089.177083,1.0,24.584695,61.397,0.030988,24.584695,-0.286698
735089.1875,1.0,24.584695,61.764,0.030988,24.584695,-0.283963
735089.197917,1.0,24.584695,61.983,0.030988,24.584695,-0.282331
735089.208333,1.0,24.584695,62.411,0.030988,24.584695,-0.279141
735089.21875,1.0,24.584695,64.759,0.030988,24.584695,-0.261643
735089.229167,1.0,24.584695,65.689,0.030988,24.584695,-0.254713
735089.239583,1.0,24.412071,65.423,0.030988,24.412071,-0.320437
735089.25,1.0,24.066829,63.954,0.030988,24.066829,-0.457607
735089.260417,1.0,23.980518,63.028,0.030988,23.980518,-0.496018
735089.270833,1.0,23.807896,62.668,0.030988,23.807896,-0.562019
735089.28125,1.0,23.635274,62.472,0.030988,23.635274,-0.626808
735089.291667,1.0,23.29003,62.208,0.030988,23.29003,-0.755404
735089.302083,1.0,23.29003,62.039,0.030988,23.29003,-0.756569
735089.3125,1.0,23.117408,61.799,0.030988,23.117408,-0.821555
735089.322917,1.0,23.117408,61.701,0.030988,23.117408,-0.822224
735089.333333,1.0,23.031097,60.862,0.030988,23.031097,-0.859578
735089.34375,1.0,23.203719,59.567,0.030988,23.203719,-0.805198
735089.354167,1.0,23.376341,58.552,0.030988,23.376341,-0.749059
735089.364583,1.0,23.376341,58.082,0.030988,23.376341,-0.752316
735089.375,1.0,23.548963,57.738,0.030988,23.548963,0.257776
735089.385417,1.0,23.635274,58.067,0.030988,23.635274,-0.738515
735089.395833,1.0,23.721585,58.533,0.030988,23.721585,-0.70287
735089.40625,1.0,23.721585,58.544,0.030988,23.721585,-0.702793
735089.416667,1.0,23.721585,58.586,0.030988,23.721585,-0.702495
735089.427083,1.0,23.721585,58.309,0.030988,23.721585,-0.704456
735089.4375,1.0,23.721585,57.822,0.030988,23.721585,-0.707902
735089.447917,1.0,23.980518,57.331,0.030988,23.980518,-0.614419
735089.458333,1.0,24.066829,57.028,0.030988,24.066829,-0.584291
735089.46875,1.0,24.066829,56.629,0.030988,24.066829,-0.587173
735089.479167,1.0,24.066829,56.263,0.030988,24.066829,-0.589818
735089.489583,1.0,24.066829,55.769,0.030988,24.066829,-0.593387
735089.5,1.0,23.980518,55.62,0.030988,23.980518,-0.30954
735089.510417,1.0,24.066829,55.471,0.030988,24.066829,-0.028909
735089.520833,1.0,24.066829,55.038,0.030988,24.066829,-0.032037
735089.53125,1.0,24.066829,54.951,0.030988,24.066829,-0.032666
735089.541667,1.0,23.980518,54.545,0.030988,23.980518,-0.062224
735089.552083,1.0,23.980518,54.316,0.030988,23.980518,-0.06387
735089.5625,1.0,23.980518,54.813,0.030988,23.980518,-0.060298
735089.572917,1.0,24.066829,55.094,0.030988,24.066829,-0.031633
735089.583333,1.0,24.066829,55.222,0.030988,24.066829,-0.030708
735089.59375,1.0,24.066829,54.542,0.030988,24.066829,-0.035621
735089.604167,1.0,24.066829,54.33,0.030988,24.066829,-0.037152
735089.614583,1.0,24.066829,53.8,0.030988,24.066829,-0.040981
735089.625,1.0,24.066829,53.528,0.030988,24.066829,-0.042946
735089.635417,1.0,24.066829,53.211,0.030988,24.066829,-0.045237
735089.645833,1.0,24.066829,53.236,0.030988,24.066829,-0.045056
735089.65625,1.0,23.980518,53.264,0.030988,23.980518,-0.071431
735089.666667,1.0,24.066829,53.037,0.030988,24.066829,-0.166122
735089.677083,1.0,24.066829,52.946,0.030988,24.066829,-0.047151
735089.6875,1.0,24.066829,52.631,0.030988,24.066829,-0.049427
735089.697917,1.0,24.066829,52.474,0.030988,24.066829,-0.050561
735089.708333,1.0,24.066829,52.341,0.030988,24.066829,-0.051522
735089.71875,1.0,24.066829,52.234,0.030988,24.066829,-0.052295
735089.729167,1.0,24.066829,52.605,0.030988,24.066829,-0.049615
735089.739583,1.0,24.066829,52.818,0.030988,24.066829,-0.048076
735089.75,1.0,24.066829,53.436,0.030988,24.066829,-0.043611
735089.760417,1.0,24.066829,53.073,0.030988,24.066829,-0.046234
735089.770833,1.0,24.066829,52.762,0.030988,24.066829,-0.04848
735089.78125,1.0,23.980518,52.64,0.030988,23.980518,-0.075916
735089.791667,1.0,23.721585,52.287,0.030988,23.721585,-0.158057
735089.802083,1.0,23.721585,52.315,0.030988,23.721585,-0.157859
735089.8125,1.0,23.548963,52.245,0.030988,23.548963,-0.211405
735089.822917,1.0,23.376341,52.207,0.030988,23.376341,-0.264707
735089.833333,1.0,23.376341,52.232,0.030988,23.376341,-0.264534
735089.84375,1.0,23.203719,52.096,0.030988,23.203719,-0.318491
735089.854167,1.0,23.031097,52.153,0.030988,23.031097,-0.371105
735089.864583,1.0,23.031097,52.279,0.030988,23.031097,-0.37025
735089.875,1.0,22.858478,52.219,0.030988,22.858478,-0.423653
735089.885417,1.0,23.031097,52.254,0.030988,23.031097,-0.37042
735089.895833,1.0,23.203719,52.805,0.030988,23.203719,-0.313628
735089.90625,1.0,23.376341,53.888,0.030988,23.376341,-0.253057
735089.916667,1.0,23.376341,54.938,0.030988,23.376341,-0.24578
735089.927083,1.0,23.635274,55.794,0.030988,23.635274,-0.159899
735089.9375,1.0,23.721585,56.43,0.030988,23.721585,-0.128741
735089.947917,1.0,23.721585,56.348,0.030988,23.721585,-0.129321
735089.958333,1.0,23.807896,56.825,0.030988,23.807896,-0.099247
735089.96875,1.0,23.980518,57.177,0.030988,23.980518,-0.043307
735089.979167,1.0,23.894207,57.711,0.030988,23.894207,-0.066209
735089.989583,1.0,24.066829,58.403,0.030988,24.066829,-0.007727
735090.0,1.0,24.066829,58.874,0.030988,24.066829,-0.004324
735090.010417,1.0,24.066829,59.499,0.030988,24.066829,-0.489792
735090.020833,1.0,24.066829,59.906,0.030988,24.066829,-0.486852
735090.03125,1.0,24.066829,60.341,0.030988,24.066829,-0.483709
735090.041667,1.0,24.066829,60.686,0.030988,24.066829,-0.481217
735090.052083,1.0,24.066829,60.967,0.030988,24.066829,-0.479187
735090.0625,1.0,24.066829,61.185,0.030988,24.066829,-0.477612
735090.072917,1.0,24.066829,61.744,0.030988,24.066829,-0.473573
735090.083333,1.0,24.412071,61.962,0.030988,24.412071,-0.345964
735090.09375,1.0,24.412071,62.241,0.030988,24.412071,-0.343906
735090.104167,1.0,24.412071,62.49,0.030988,24.412071,-0.34207
735090.114583,1.0,24.412071,62.886,0.030988,24.412071,-0.339149
735090.125,1.0,24.412071,63.073,0.030988,24.412071,-0.33777
735090.135417,1.0,24.412071,63.29,0.030988,24.412071,-0.336169
735090.145833,1.0,24.412071,63.386,0.030988,24.412071,-0.335461
735090.15625,1.0,24.498384,63.599,0.030988,24.498384,-0.302089
735090.166667,1.0,24.498384,63.846,0.030988,24.498384,-0.300258
735090.177083,1.0,24.412071,64.028,0.030988,24.412071,-0.330726
735090.1875,1.0,24.498384,64.306,0.030988,24.498384,-0.296847
735090.197917,1.0,24.584695,64.522,0.030988,24.584695,-0.263409
735090.208333,1.0,24.584695,64.947,0.030988,24.584695,-0.260242
735090.21875,1.0,24.584695,66.461,0.030988,24.584695,-0.248959
735090.229167,1.0,24.412071,67.51,0.030988,24.412071,-0.305044
735090.239583,1.0,24.325762,66.853,0.030988,24.325762,-0.341813
735090.25,1.0,24.066829,65.24,0.030988,24.066829,-0.448316
735090.260417,1.0,23.807896,64.257,0.030988,23.807896,-0.550717
735090.270833,1.0,23.721585,63.867,0.030988,23.721585,-0.58524
735090.28125,1.0,23.635274,63.543,0.030988,23.635274,-0.619269
735090.291667,1.0,23.721585,62.726,0.030988,23.721585,-0.593314
735090.302083,1.0,23.635274,61.999,0.030988,23.635274,-0.630138
735090.3125,1.0,23.376341,61.404,0.030988,23.376341,-0.729293
735090.322917,1.0,23.376341,60.778,0.030988,23.376341,-0.733632
735090.333333,1.0,23.376341,60.308,0.030988,23.376341,-0.736889
735090.34375,1.0,23.376341,59.994,0.030988,23.376341,-0.739065
735090.354167,1.0,23.376341,59.933,0.030988,23.376341,-0.739488
735090.364583,1.0,23.376341,59.622,0.030988,23.376341,-0.741643
735090.375,1.0,23.376341,59.721,0.030988,23.376341,0.224799
735090.385417,1.0,23.548963,59.125,0.030988,23.548963,-0.763453
735090.395833,1.0,23.721585,58.522,0.030988,23.721585,-0.702948
735090.40625,1.0,23.894207,58.243,0.030988,23.894207,-0.640217
